{
    "camera_matrix": [
        [
            648.0212243267608,
            0.0,
            633.1014824053809
        ],
        [
            0.0,
            648.8446160718249,
            353.55406244439
        ],
        [
            0.0,
            0.0,
            1.0
        ]
    ],
    "distortion_coefficients": [
        0.00765865832905225,
        -0.010614424894037406,
        -0.00043753249184317055,
        -0.0012424928144553025,
        0.005575373473843726
    ],
    "pattern_size": [
        11,
        8
    ],
    "square_size_mm": 15
}