{
    "camera_matrix": [
        [
            1360.7915762169969,
            0.0,
            966.3971678756467
        ],
        [
            0.0,
            1361.9189435635221,
            564.9558835321985
        ],
        [
            0.0,
            0.0,
            1.0
        ]
    ],
    "distortion_coefficients": [
        0.13232888121424993,
        -0.3300459185261294,
        -0.0002960884926775801,
        7.64940669552287e-05,
        0.1367349515484555
    ],
    "pattern_size": [
        11,
        8
    ],
    "square_size_mm": 15
}